ID,V0,V1,V2,V3,V4,V5,V6,V7,V8,V9,V10,V11,V12,V13,V14,V15,V16,V17,V18,V19,v20,v21,v22,V23,V24,V25,v26,V27,v28
1,1,1,1,1,1,1,1,3,8,1,1,1,0,1,0.5,0.276737359,0.441726339,0.271604938,1,0.186449356,1,0,0,1,1,1,1,0,0.544517887
2,1,1,1,1,2,1,1,3,8,1,1,2,0,1,0.5,0.3230768,0.482540492,0.25308642,1,0.214011434,1,0,0,1,1,1,1,0,0.57380583
3,1,1,1,1,3,2,2,6,8,1,2,3,0.5,1,0.5,0.477117916,0.65877686,0.160493827,1,0.389879683,1,0,0,1,1,1,1,0,0.698571014
4,1,1,1,1,4,3,3,7,8,1,3,4,0,1,1,0.453371192,0.586791124,0.234567901,1,0.424012288,0,1,1,1,1,1,1,0,0.779534744
5,1,1,1,1,4,4,4,9,8,1,1,2,0.5,0.5,1,0.640030992,0.746059937,0.160493827,1,0.626162642,1,1,0,1,1,1,1,0,0.815240753
6,1,1,1,1,5,4,4,9,8,1,3,4,0.5,0.5,1,0.673343707,0.787069749,0.135802469,1,0.639303695,1,1,1,1,1,1,1,0,0.890778593
7,1,0,1,1,3,2,2,6,8,1,3,4,0.5,1,0.5,0.45104853,0.586842835,0.203703704,1,0.337742128,1,1,0,1,1,1,1,0,0.599426876
8,1,0,1,1,4,3,3,7,8,1,3,4,0,0.5,1,0.547437034,0.580766542,0.265432099,1,0.476320505,1,1,1,1,1,1,1,0,0.679477905
9,1,0,1,1,4,3,3,7,8,1,3,4,0.5,0.5,0.5,0.521460688,0.622021223,0.203703704,1,0.415735131,1,1,1,1,1,1,1,0,0.678259546
10,1,0,1,1,6,5,5,11,8,1,4,5,0.5,1,1,0.453371192,0.57117493,0.24691358,1,0.414199164,1,1,1,1,1,1,1,0,0.606527469
11,1,0,1,1,6,5,5,11,8,1,4,5,1,0.5,0.5,0.460835492,0.651014201,0.191358025,1,0.460448844,1,1,1,1,1,1,1,0,0.674565171
12,1,1,1,1,6,5,5,11,8,1,4,5,1,1,1,0.453371192,0.578073284,0.240740741,1,0.416332452,1,1,0,1,1,1,1,0,0.649423317
13,1,1,1,1,6,5,5,11,8,1,4,5,1,0.5,1,0.557311734,0.692642516,0.179012346,2,0.530079358,1,1,1,1,1,1,1,0,0.755850757
14,1,1,1,1,6,6,6,13,8,1,4,5,1,1,1,0.657697739,0.74395377,0.185185185,1,0.72702449,1,1,1,1,1,1,1,1,0.83229295
15,1,1,1,1,3,7,7,17,8,1,2,6,0.5,1,1,0.453371192,0.679996961,0.166666667,1,0.475211195,1,0,0,1,1,1,1,0,0.700138014
16,1,0,2,2,6,8,8,10,5,0,4,5,0.5,0,0,0.466745038,0.454846662,0.462962963,1,0.54876696,1,0,0,0,0,0,1,0,0.310838344
17,1,0,3,2,1,9,9,2,1,0,1,2,0,0,0.5,0.267970088,0.37782144,0.271604938,1,0.07671303,0,0,0,0,0,0,0,0,0.213722147
18,1,0,4,2,1,9,9,2,1,0,1,2,0,0,0.5,0.282120181,0.359221238,0.345679012,1,0.154620701,0,0,0,0,0,0,1,0,0.222517803
19,1,0,4,2,6,10,10,12,5,0,4,5,0.5,0.5,0.5,0.472393179,0.451607885,0.37037037,1,0.371533407,0,0,0,0,0,0,1,0,0.376261282
20,1,0,4,2,6,11,11,10,5,0,4,5,0.5,0,0.5,0.313551967,0.387633871,0.345679012,1,0.203686321,1,0,0,0,0,0,1,0,0.247347214
21,1,0,4,2,1,12,9,2,1,0,1,2,0,0,0,0.313551967,0.387633871,0.302469136,1,0.138151719,0,0,0,0,0,0,1,0,0.241056141
22,1,0,4,2,2,13,12,4,2,0,3,4,0,0,0.5,0.313551967,0.387633871,0.308641975,1,0.150695452,0,0,0,0,0,0,1,0,0.242546725
23,1,0,4,2,2,13,12,4,2,0,3,4,0,1,0,0.313551967,0.472011205,0.240740741,1,0.186876013,1,0,0,0,0,0,1,0,0.286915994
24,1,1,5,1,2,1,1,3,8,1,2,3,0,0.5,0.5,0.518768914,0.634251183,0.216049383,1,0.46079017,1,1,0,1,1,1,1,0,0.665797184
25,1,1,5,1,2,1,1,3,8,1,1,2,0,1,0.5,0.348815761,0.520307497,0.228395062,1,0.25095998,1,0,0,1,1,0,1,0,0.561932931
26,1,1,5,1,4,2,2,6,8,1,2,3,0,0.5,1,0.576328225,0.66662244,0.222222222,1,0.556788122,1,1,0,1,1,1,1,0,0.762911325
27,1,1,5,1,4,2,2,6,8,1,3,4,0,1,0.5,0.460631856,0.638752738,0.166666667,1,0.357880365,1,1,0,1,1,1,1,0,0.641267765
28,1,1,5,1,7,2,2,6,8,1,5,7,0,1,1,0.514171571,0.704901179,0.185185185,1,0.675740251,0,0,0,0,1,0,1,0,0.717661874
29,1,1,5,1,5,3,3,7,8,1,3,4,0.5,0.5,1,0.560508173,0.685846525,0.166666667,1,0.463862104,1,1,0,1,1,1,1,0,0.738990589
30,1,1,5,1,7,3,3,7,8,1,5,7,0.5,1,1,0.655154646,0.79055857,0.111111111,1,0.578974315,1,1,0,1,1,1,1,0,0.825281619
31,1,1,5,1,5,7,7,17,8,1,2,3,0,1,1,0.67820747,0.834411793,0.104938272,1,0.594675314,1,1,0,1,1,1,1,0,0.914492308
32,1,1,5,1,5,4,4,9,8,1,3,4,0.5,0.5,1,0.659818138,0.760539452,0.141975309,1,0.592030037,1,1,1,1,1,1,1,0,0.877106007
33,1,0,5,1,4,2,2,6,8,1,3,4,0,1,1,0.458090751,0.614180953,0.191358025,1,0.368205478,1,1,0,1,1,1,1,0,0.634766509
34,1,0,5,1,5,3,3,7,8,1,3,4,0,0.5,1,0.528732469,0.658728686,0.185185185,1,0.450806383,1,1,0,1,1,1,1,0,0.695379487
35,1,0,5,1,6,5,5,11,8,1,4,5,0.5,0.5,0.5,0.456265477,0.546123863,0.290123457,1,0.436812015,1,1,0,1,1,1,1,0,0.618995075
36,1,1,5,1,6,5,5,11,8,1,4,5,0.5,0.5,0.5,0.459095746,0.554723208,0.283950617,1,0.445515829,1,1,0,1,1,1,1,0,0.612576
37,1,1,5,1,6,5,5,11,8,1,4,5,1,1,1,0.477196862,0.663530332,0.197530864,1,0.493728134,1,1,0,1,1,1,1,0,0.723047123
38,1,1,5,1,6,6,6,13,8,1,4,5,1,1,1,0.656493472,0.791648138,0.135802469,1,0.662428535,1,1,1,1,1,1,1,1,0.847100032
39,1,1,5,1,6,6,6,13,8,1,4,5,1,1,1,0.657606547,0.791872223,0.135802469,1,0.679494837,1,1,1,1,1,1,1,0,0.878495129
40,1,1,5,1,4,7,7,17,8,1,6,8,0,1,1,0.483021758,0.637232317,0.185185185,1,0.391927639,1,1,0,1,1,1,1,0,0.751080043
41,1,0,6,2,2,14,13,5,3,0,3,4,0,0.5,0.5,0.331441585,0.451171503,0.265432099,1,0.193958529,0,0,0,0,0,0,1,0,0.322533005
42,1,0,6,2,7,15,14,14,6,0,5,9,0,0,0.5,0.493753807,0.479763456,0.37654321,1,0.452257019,0,0,0,1,0,0,0,1,0.401355616
43,1,0,6,2,3,14,13,5,3,0,1,2,0,0,0.5,0.295981171,0.359659265,0.351851852,1,0.155559348,0,0,0,0,0,0,1,0,0.31115333
44,1,0,6,2,2,14,13,5,3,0,3,4,0,0,0.5,0.362067178,0.438958341,0.302469136,1,0.234149671,0,0,0,0,0,0,1,0,0.351611364
45,1,0,6,2,8,8,8,10,5,0,5,7,0.5,0.5,0.5,0.324943827,0.459934908,0.283950617,1,0.248400034,1,0,0,1,1,0,1,0,0.376307486
46,1,0,7,2,2,13,12,4,2,0,3,4,0,0,0.5,0.31384834,0.391367675,0.296296296,1,0.139773018,0,0,0,0,0,0,1,0,0.218109686
47,1,0,7,2,3,14,13,5,3,0,3,4,0,0,0.5,0.424987075,0.453782339,0.302469136,1,0.263845038,0,0,0,0,0,0,1,0,0.341897084
48,1,0,7,2,2,13,12,4,2,0,3,4,0,0,0.5,0.326024464,0.397819566,0.296296296,1,0.149671474,0,0,0,0,0,0,1,0,0.252805613
49,1,0,7,2,3,14,13,5,3,0,3,4,0,0.5,0.5,0.389791993,0.510736072,0.240740741,1,0.25607987,1,0,0,0,0,1,1,0,0.317712168
50,1,0,7,2,2,13,12,4,2,0,3,4,0,0,0.5,0.312423198,0.395737939,0.290123457,1,0.136018432,0,0,0,0,0,0,1,0,0.247418178
51,1,0,7,2,6,16,15,12,5,0,4,5,0,0,0.5,0.473705052,0.503966532,0.308641975,1,0.382455841,1,0,0,0,1,1,1,0,0.34903331
52,1,0,8,2,9,17,16,1,1,0,1,2,0,0,0.5,0.112765861,0.221938439,0.419753086,1,0.017322297,0,0,0,0,0,0,0,0,0.119881332
53,1,0,8,2,1,9,9,2,1,0,1,2,0,0,0.5,0.242742564,0.30252939,0.37654321,1,0.096253947,0,0,0,0,0,0,1,0,0.208007986
54,1,0,8,2,2,13,12,4,2,0,3,4,0,0,0.5,0.351623199,0.398035235,0.320987654,1,0.177062889,0,0,0,0,0,0,1,0,0.247584167
55,1,0,8,2,2,13,12,4,2,0,3,4,0,0,0.5,0.345963466,0.44632248,0.24691358,1,0.155559348,1,0,0,1,1,1,1,0,0.278321085
56,1,0,8,2,2,9,9,2,1,0,3,4,0,0,0.5,0.303947311,0.355133589,0.320987654,1,0.113405581,0,0,0,0,0,0,1,0,0.219774458
57,1,0,9,2,3,13,12,4,2,0,1,2,0,0,0.5,0.345652717,0.454130324,0.234567901,1,0.1500128,0,0,0,1,0,0,1,0,0.284365206
58,1,0,9,2,2,13,12,4,2,0,3,4,0,0,0.5,0.32496003,0.402941315,0.308641975,1,0.174161618,1,0,0,0,0,0,1,0,0.245527899
59,1,0,9,2,1,9,9,2,1,0,1,2,0,0,0,0.313551967,0.394830102,0.290123457,1,0.130045226,0,0,0,0,0,0,0,0,0.197320037
60,1,0,9,2,1,18,17,15,1,0,1,2,0,0,0,0.239746571,0.314450231,0.413580247,1,0.14608755,0,0,0,0,0,0,1,1,0.181121396
61,1,0,9,2,1,17,16,1,1,0,3,4,0,0,0.5,0.190718013,0.267213391,0.407407407,1,0.068691868,0,0,0,0,0,0,0,0,0.126939077
62,1,0,9,2,2,9,9,2,1,0,3,4,0,0,0,0.313551967,0.394830102,0.290123457,1,0.136274426,0,0,0,0,0,0,1,0,0.178966655
63,1,0,9,2,2,13,12,4,2,0,3,4,0,0,0.5,0.324591091,0.402438513,0.302469136,1,0.162215206,0,0,0,0,0,0,1,0,0.225181714
64,1,0,9,2,2,14,13,5,3,0,3,4,0,0,0.5,0.417312952,0.46908867,0.358024691,1,0.39201297,0,0,0,0,0,0,1,0,0.310222108
65,1,0,9,2,9,17,16,1,1,0,1,2,0,0,0,0.10974084,0.207367119,0.438271605,1,0.011946412,0,0,0,0,0,0,0,0,0.096149528
66,1,0,9,2,2,13,12,4,2,0,3,4,0,0,0.5,0.345963466,0.454130324,0.259259259,1,0.187643997,0,0,0,0,0,0,1,0,0.286947882
67,1,0,9,2,9,17,16,1,1,0,1,2,0,0,0.5,0.189769155,0.261841238,0.407407407,1,0.046079017,0,0,0,0,0,0,1,0,0.163677254
68,1,0,9,2,1,17,16,1,1,0,1,2,0,0,0.5,0.29365152,0.368800757,0.364197531,1,0.176038911,0,0,0,0,0,0,1,0,0.215050719
69,1,0,9,2,6,8,8,10,5,0,4,5,0.5,0,0.5,0.356215945,0.448870721,0.283950617,1,0.226128509,1,0,0,1,0,0,1,0,0.323415687
70,1,1,10,3,4,19,18,8,4,0,3,4,0,0,1,0.749702219,0.763564695,0.135802469,1,0.584520864,1,1,0,1,1,1,1,0,0.652401197
71,1,1,10,3,7,15,14,14,6,0,5,9,0,0,1,0.749702219,0.760346755,0.172839506,1,0.712688796,1,1,0,1,1,1,1,1,0.693722785
72,1,1,11,1,6,20,8,10,5,0,4,5,0.5,0,1,0.456861895,0.518546357,0.314814815,1,0.430668146,1,1,0,1,1,1,1,0,0.533788964
73,1,0,11,1,2,13,12,4,2,0,3,4,0,0,0.5,0.342534453,0.385740396,0.339506173,1,0.186193361,1,0,0,0,0,0,1,0,0.280739083
74,1,0,11,1,2,21,12,4,2,0,3,4,0,0,0.5,0.358682887,0.405788461,0.388888889,1,0.292857752,1,0,0,0,0,0,1,0,0.369256159
75,1,0,11,1,1,12,9,2,1,0,1,2,0,0,0.5,0.279946943,0.284664345,0.450617284,1,0.141906306,1,0,0,0,0,0,1,0,0.273553195
76,1,0,11,1,2,22,12,4,2,0,3,4,0,0.5,0.5,0.361124069,0.517839618,0.271604938,1,0.335779503,1,0,0,1,1,1,1,0,0.441187046
77,1,0,11,1,3,23,13,5,3,0,3,4,0,0,0.5,0.490231988,0.538826959,0.302469136,1,0.4484171,1,1,0,1,1,1,1,0,0.486650992
78,1,0,12,2,2,13,12,4,2,0,3,4,0,0,0.5,0.353201809,0.427366902,0.259259259,1,0.144039594,0,0,0,1,0,0,1,0,0.345054184
79,1,0,12,2,2,13,12,4,2,0,1,2,0,0,0.5,0.342534453,0.387633871,0.351851852,1,0.212304804,1,0,0,0,1,0,1,0,0.285426783
80,1,0,12,2,2,13,12,4,2,0,3,4,0,0,0.5,0.342534453,0.387633871,0.296296296,1,0.132690503,0,0,0,0,0,0,1,0,0.284337518
81,1,0,12,2,8,15,14,14,6,0,5,9,0,0.5,0.5,0.331466535,0.428429117,0.296296296,1,0.197371789,0,0,0,0,0,0,1,1,0.289813651
82,1,0,12,2,8,24,19,4,2,0,5,9,0,0,0.5,0.339196233,0.39320485,0.351851852,1,0.214950081,0,0,0,0,0,0,0,1,0.277630447
83,1,0,13,2,6,16,15,12,5,0,4,5,0.5,1,1,0.496495533,0.579017869,0.296296296,1,0.558750747,1,1,0,1,1,1,1,0,0.534694927
84,1,0,14,2,2,13,12,4,2,0,3,4,0,0,0.5,0.349552192,0.431024782,0.308641975,1,0.221947265,1,1,0,0,0,1,1,0,0.29118279
85,1,0,14,2,3,14,13,5,3,0,3,4,0,0,0.5,0.461103095,0.488494964,0.320987654,1,0.37562932,1,1,0,0,0,1,1,0,0.373473057
86,1,0,15,2,9,9,9,2,1,0,3,4,0,0,0,0.259291618,0.30252939,0.425925926,1,0.149500811,0,0,0,0,0,0,1,0,0.148412978
87,1,0,15,2,9,9,9,2,1,0,1,2,0,0,0,0.313883469,0.365134965,0.327160494,1,0.134738459,1,1,0,0,0,0,1,0,0.208702802
88,1,0,15,2,3,13,12,4,2,0,3,4,0,0,0.5,0.325638835,0.402490919,0.308641975,1,0.166481782,1,0,0,0,0,0,1,0,0.231810513
89,1,0,15,2,6,8,8,10,5,0,4,5,0,0,0.5,0.43562479,0.499612463,0.290123457,1,0.33782746,1,1,0,0,1,1,1,0,0.354018656
90,1,0,16,2,1,12,9,2,1,0,3,4,0,0,0.5,0.301010764,0.359620176,0.345679012,1,0.142759621,0,0,0,0,0,0,1,0,0.289369888
91,1,0,17,2,8,25,20,2,1,0,5,9,0,0,0.5,0.275268052,0.359702259,0.345679012,1,0.15282874,0,0,0,0,0,0,0,1,0.220035382
92,1,0,18,2,2,13,12,4,2,0,3,4,0,0,0.5,0.345963466,0.432151218,0.265432099,1,0.155047359,1,0,0,0,0,0,1,0,0.27910312
93,1,0,18,2,2,13,12,4,2,0,3,4,0,0,0,0.297444642,0.392610173,0.308641975,1,0.148647496,0,0,0,0,0,0,1,0,0.232228455
94,1,0,18,2,1,9,9,2,1,0,1,2,0,0,0.5,0.243124872,0.349463148,0.320987654,1,0.097448588,0,0,0,0,0,0,0,0,0.212205475
95,1,0,18,2,8,24,19,4,2,0,5,9,0,0,0.5,0.354213241,0.433225995,0.302469136,1,0.226213841,0,0,0,0,0,0,1,1,0.306048146
96,1,0,18,2,9,17,16,1,1,0,1,2,0,0,0,0.137955783,0.174202601,0.598765432,1,0.103165799,0,0,0,0,0,0,0,0,0.106542054
97,1,0,18,2,6,8,8,10,5,0,4,5,0,0,0.5,0.45611595,0.518546357,0.277777778,1,0.356344398,1,0,0,0,0,0,1,0,0.385198861
98,1,0,19,2,8,25,20,2,1,0,5,7,0,0,0.5,0.312888295,0.394830102,0.290123457,1,0.133885144,0,0,0,0,0,0,1,1,0.260857541
99,1,0,20,2,3,14,13,5,3,0,3,4,0,0,0.5,0.36458967,0.409304894,0.358024691,1,0.249082686,1,0,0,0,0,0,1,0,0.341180098
100,1,0,21,2,9,9,9,2,1,0,3,4,0,0,0,0.311055612,0.370757226,0.283950617,1,0.084819524,0,0,0,0,0,0,1,0,0.201653399
101,1,0,21,2,1,9,9,2,1,0,1,2,0,0,0.5,0.258180632,0.328842508,0.320987654,1,0.068862531,0,0,0,0,0,0,0,0,0.179408317
102,1,0,21,2,1,9,9,2,1,0,3,4,0,0,0,0.192679271,0.274861494,0.395061728,1,0.057342777,0,0,0,0,0,0,0,0,0.142544296
103,1,1,22,1,9,17,16,1,1,0,1,1,0,0,0.5,0.268817418,0.480646795,0.24691358,1,0.219728646,1,0,0,1,1,1,1,0,0.476988281
104,1,1,22,1,2,26,9,2,1,0,1,2,0,1,0.5,0.268817418,0.439355001,0.345679012,1,0.298233638,0,0,0,0,1,0,1,0,0.479372032
105,1,1,22,1,7,16,15,12,5,0,5,9,0,0,1,0.539524178,0.578073284,0.327160494,1,0.6187388,1,0,0,1,1,1,1,1,0.554764145
106,1,0,22,1,3,22,12,4,2,0,3,4,0,1,0.5,0.268817418,0.455652837,0.271604938,1,0.211366158,1,0,0,1,1,1,1,0,0.401286549
107,1,0,23,3,6,11,11,10,5,0,4,5,0,0.5,0.5,0.308269205,0.403565403,0.339506173,1,0.220411298,1,0,0,0,1,0,1,0,0.368443731
108,1,0,23,3,1,26,9,2,1,0,1,2,0,0,0.5,0.313468393,0.376013322,0.333333333,1,0.165543135,1,0,0,0,1,0,1,0,0.291692119
109,1,0,23,3,2,22,12,4,2,0,1,2,0,0,0.5,0.352324195,0.461814421,0.277777778,1,0.225787183,1,0,0,1,1,1,1,0,0.391300563
110,1,0,23,3,2,21,12,4,2,0,1,2,0,0,0.5,0.405007194,0.445349604,0.314814815,1,0.268879597,1,0,0,0,0,0,1,0,0.359539493
111,1,0,23,3,6,20,8,10,5,0,4,5,0.5,1,1,0.411856291,0.653804365,0.185185185,1,0.444918508,1,0,0,1,1,1,1,0,0.539999438
112,1,0,23,3,3,23,13,5,3,0,3,4,0,0.5,0.5,0.479196377,0.614337344,0.203703704,1,0.396535541,1,1,0,1,1,1,1,0,0.506348597
113,1,0,23,3,7,15,14,14,6,0,5,9,0,0,1,0.518030536,0.543482618,0.308641975,1,0.48732827,1,0,0,1,1,1,1,1,0.503894796
114,1,1,23,3,6,16,15,12,5,0,4,5,0.5,0.5,1,0.496788156,0.710611069,0.160493827,1,0.528031402,1,1,0,1,1,1,1,0,0.615243064
115,1,1,23,3,6,10,10,12,5,0,4,5,1,0,1,0.734598526,0.771128786,0.148148148,1,0.657308644,1,1,1,1,1,1,1,1,0.712374243
116,1,0,24,2,6,8,8,10,5,0,4,5,0.5,0.5,0.5,0.426157779,0.541262666,0.265432099,1,0.370594761,1,0,0,1,1,1,1,0,0.441552515
117,1,0,24,2,2,14,13,5,3,0,3,4,0,0,0.5,0.407567347,0.507035804,0.259259259,1,0.29439372,1,0,0,1,1,0,1,0,0.411969845
118,1,0,25,2,2,13,12,4,2,0,3,4,0,0,0,0.336152053,0.413882571,0.302469136,1,0.18499872,0,0,0,0,0,0,1,0,0.251135412
119,1,0,26,2,3,13,12,4,2,0,3,4,0,0,0.5,0.342138908,0.418302069,0.302469136,1,0.187985323,1,0,0,0,0,1,1,0,0.260114583
120,1,0,26,2,1,17,16,1,1,0,1,2,0,0,0.5,0.287824343,0.322777061,0.425925926,1,0.18952129,0,0,0,0,0,0,1,0,0.197522268
121,1,0,26,2,6,8,8,10,5,0,4,5,0,0,0.5,0.434879199,0.497246372,0.283950617,1,0.318713201,1,1,0,0,1,1,1,0,0.35278341
122,1,0,26,2,1,17,16,1,1,0,1,2,0,0,0.5,0.218789464,0.278249135,0.419753086,1,0.102312484,0,0,0,0,0,0,1,0,0.15629633
123,1,1,27,3,6,16,15,12,5,0,4,5,1,0,1,0.744161695,0.772455357,0.179012346,1,0.792047103,1,1,0,1,1,1,1,0,0.725883844
124,1,1,27,3,5,3,3,7,8,1,3,4,0,0,1,0.666245477,0.756223592,0.179012346,1,0.734874989,1,1,0,1,1,1,1,0,0.675497498
125,1,1,27,3,6,27,21,13,8,1,4,5,1,0,1,1,0.82782617,0.12962963,2,0.765338339,1,1,1,1,1,1,1,1,0.96176303
126,1,1,27,3,6,6,6,13,8,1,4,5,0.5,0,1,0.658145171,0.743441124,0.185185185,1,0.722075262,1,1,0,1,1,1,1,0,0.701108701
127,1,1,27,3,4,28,22,16,7,0,2,3,0,0,1,0.744161695,0.816197558,0.154320988,1,0.843587337,1,1,0,1,1,1,1,0,0.68213154
128,1,0,27,3,6,11,11,10,5,0,4,5,0.5,1,0.5,0.267363757,0.491864926,0.259259259,1,0.265637,1,1,0,1,1,0,1,0,0.457975601
129,1,0,27,3,2,22,12,4,2,0,3,4,0,0.5,0.5,0.353541831,0.449921056,0.296296296,1,0.246010752,1,0,0,1,1,1,1,0,0.420935074
130,1,0,27,3,2,21,12,4,2,0,3,4,0,0,0.5,0.338357843,0.403394664,0.37037037,1,0.266575646,1,0,0,0,0,1,1,0,0.338393615
131,1,0,27,3,2,22,12,4,2,0,1,2,0,0.5,0.5,0.347332807,0.447168608,0.296296296,1,0.23688028,1,0,0,0,1,0,1,0,0.410546377
132,1,0,27,3,7,15,14,14,6,0,5,9,0,0,1,0.544547078,0.560015997,0.351851852,1,0.618909463,1,0,0,1,1,1,1,1,0.588738288
133,1,0,27,3,7,15,14,14,6,0,5,9,0,0,1,0.595624153,0.638933204,0.271604938,1,0.621981398,1,0,0,1,1,1,1,1,0.599997626
134,1,0,27,3,3,19,18,8,4,0,3,4,0,0.5,1,0.512013383,0.632601859,0.191358025,1,0.410529909,1,1,0,1,1,1,1,0,0.546170932
135,1,0,27,3,5,23,13,5,3,0,3,4,0,0.5,0.5,0.457387856,0.577985091,0.240740741,1,0.386807748,1,1,0,1,1,1,1,0,0.51073798
136,1,0,27,3,5,3,3,7,8,1,3,4,0,0.5,1,0.465340614,0.743343944,0.12345679,1,0.477685809,1,1,1,1,1,1,1,0,0.662425153
137,1,0,27,3,1,26,9,2,1,0,1,2,0,0,0.5,0.285855199,0.381895509,0.314814815,1,0.143783599,0,0,0,0,0,0,1,0,0.309558751
138,1,0,27,3,6,16,15,12,5,0,4,5,0.5,0,1,0.544547078,0.560015997,0.302469136,1,0.518986262,1,1,0,1,1,1,1,1,0.528951562
139,1,0,27,3,3,21,12,4,2,0,3,4,0,0.5,0.5,0.354604475,0.448542671,0.296296296,1,0.237050943,1,0,0,0,0,0,1,0,0.387229537
140,1,0,27,3,3,14,13,5,3,0,3,4,0,0,0.5,0.403950509,0.500067154,0.259259259,1,0.281252667,1,0,0,1,1,1,1,0,0.388889987
141,1,0,27,3,3,23,13,5,3,0,3,4,0,0.5,1,0.472387398,0.54327014,0.271604938,1,0.388685041,1,1,0,1,1,1,1,0,0.470169046
142,1,0,27,3,1,12,9,2,1,0,1,2,0,0,0.5,0.255616631,0.355256186,0.314814815,1,0.099752539,0,0,0,0,0,0,0,0,0.247892329
143,1,0,28,4,2,13,12,4,2,0,3,4,0,0,0.5,0.404779038,0.491864926,0.234567901,1,0.220752624,0,0,0,1,0,0,1,0,0.361885017
144,1,0,28,4,2,22,12,4,2,0,3,4,0,0,0.5,0.409091218,0.495136875,0.228395062,1,0.21486475,1,0,0,1,1,0,1,0,0.414251007
145,1,0,28,4,6,20,8,10,5,0,4,5,0.5,0,1,0.485427674,0.559321931,0.25308642,1,0.393634269,1,0,0,1,1,1,1,0,0.517270691
146,1,0,28,4,3,23,13,5,3,0,3,4,0,0,1,0.506812028,0.567536773,0.234567901,1,0.36658418,1,0,0,1,1,1,1,0,0.528590698
147,1,0,28,4,3,23,13,5,3,0,3,4,0,0,0.5,0.494316315,0.55841079,0.240740741,1,0.3609523,1,0,0,1,1,1,1,0,0.502308045
148,1,0,28,4,1,26,9,2,1,0,3,4,0,0,0.5,0.320861695,0.436876261,0.259259259,1,0.156753989,0,0,0,0,0,0,1,0,0.349914211
149,1,0,28,4,1,26,9,2,1,0,1,2,0,0,0.5,0.282316925,0.332964578,0.345679012,1,0.09702193,0,0,0,0,0,0,1,0,0.318159089
150,1,0,28,4,8,15,14,14,6,0,5,9,0,0,1,0.538260475,0.5889398,0.24691358,1,0.460022186,1,0,0,1,1,1,1,1,0.531827496
151,1,0,29,2,6,8,8,10,5,0,4,5,0,1,0.5,0.421599439,0.535351172,0.314814815,1,0.471456609,1,1,0,1,0,0,1,0,0.41654501
152,1,0,30,5,2,12,9,2,1,0,3,4,0,0,0,0.279941265,0.345427248,0.345679012,1,0.127826606,0,0,0,1,0,0,1,0,0.26696313
153,1,0,30,5,3,21,12,4,2,0,3,4,0,0,0.5,0.346274023,0.405376091,0.314814815,1,0.187132008,0,0,0,0,0,0,1,0,0.318039466
154,1,0,30,5,3,21,12,4,2,0,3,4,0,0,0.5,0.345922147,0.458881696,0.240740741,1,0.160337913,1,0,0,1,1,1,1,0,0.383605844
155,1,0,30,5,3,21,12,4,2,0,3,4,0,0,0.5,0.34696897,0.442013061,0.277777778,1,0.195409165,1,0,0,0,0,0,1,0,0.346265333
156,1,0,30,5,6,20,8,10,5,0,4,5,0.5,0,0.5,0.46045478,0.551214935,0.25308642,1,0.380066559,1,1,0,1,1,1,1,0,0.477809626
157,1,0,30,5,6,29,8,10,5,0,4,5,0.5,0.5,0.5,0.525199969,0.625823386,0.216049383,1,0.463350115,1,1,0,1,1,1,1,0,0.565134563
158,1,0,30,5,3,14,13,5,3,0,3,4,0,0,1,0.46356759,0.551318999,0.240740741,1,0.350115198,1,0,0,1,1,1,1,0,0.472103069
159,1,0,30,5,3,14,13,5,3,0,3,4,0,0,0.5,0.446569009,0.557232124,0.191358025,1,0.26282106,1,0,0,0,0,1,1,0,0.369470836
160,1,0,30,5,6,29,8,10,5,0,4,5,0.5,0,0.5,0.451114139,0.525846134,0.290123457,1,0.395170236,1,0,0,1,0,1,1,0,0.4682804
161,1,0,30,5,2,12,9,2,1,0,3,4,0,0,0.5,0.28372223,0.393623434,0.296296296,1,0.135677106,1,0,0,0,0,0,1,0,0.301542775
162,1,1,30,5,5,28,22,16,7,0,3,4,0,0,1,0.658476343,0.745005461,0.049382716,1,0.210683505,1,1,1,1,1,1,1,0,0.652278916
163,1,1,30,5,3,28,22,16,7,0,2,3,0,1,0.5,0.456861895,0.702919933,0.154320988,1,0.480928407,1,1,0,1,1,1,1,0,0.556736086
164,1,1,30,5,4,19,18,8,4,0,3,4,0,0,1,0.582292067,0.634018993,0.160493827,1,0.315897261,1,1,0,1,1,1,1,0,0.575462214
165,1,0,30,5,6,8,8,10,5,0,4,5,0.5,0.5,0.5,0.450485351,0.483589753,0.333333333,1,0.37392269,0,0,0,0,0,0,1,0,0.37403204
166,1,1,30,5,6,29,8,10,5,0,4,5,1,0,1,0.658476343,0.733447336,0.160493827,1,0.604403106,1,1,0,1,1,1,1,1,0.604144219
167,1,1,30,5,3,28,22,16,7,0,2,6,0,0.5,0.5,0.34378411,0.460184244,0.358024691,1,0.374946668,1,0,0,0,1,1,1,0,0.469949903
168,1,1,30,5,6,16,15,12,5,0,4,5,1,0,1,0.773108901,0.727534211,0.067901235,1,0.253349262,0,1,0,1,1,1,0,1,0.65510378
169,1,1,31,4,6,5,5,11,8,1,4,5,0.5,0,1,0.574308237,0.695462861,0.197530864,1,0.603464459,1,1,1,1,1,1,1,0,0.709865112
170,1,1,31,4,6,6,6,13,8,1,4,5,1,0,1,0.751462205,0.833961245,0.117283951,1,0.720197969,1,1,1,1,1,1,1,0,0.807756033
171,1,1,31,4,3,2,2,6,8,1,2,3,0,0,1,0.622065604,0.732913018,0.160493827,1,0.56455329,1,1,0,1,1,1,1,0,0.669677638
172,1,1,31,4,4,3,3,7,8,1,3,4,0,0,1,0.595020905,0.710561229,0.197530864,1,0.633671815,1,1,0,1,1,1,1,0,0.688161748
173,1,1,31,4,6,27,21,13,8,1,4,5,1,0,1,0.964214628,0.928856879,0.049382716,1,0.680006827,1,1,1,1,1,1,1,1,0.957049937
174,1,1,32,1,5,3,3,7,8,1,3,4,0,0.5,1,0.516268616,0.735415205,0.148148148,1,0.531615326,1,1,0,1,1,1,1,0,0.750804986
175,1,1,32,1,5,4,4,9,8,1,3,4,0,0.5,1,0.613901148,0.799121273,0.12345679,1,0.609437665,1,1,1,1,1,1,1,0,0.888897833
176,1,1,33,3,6,20,8,10,5,0,4,5,0.5,0,0.5,0.508706263,0.554263556,0.302469136,1,0.504735899,1,0,0,1,1,1,1,0,0.539142234
177,1,1,33,3,6,10,10,12,5,0,4,5,1,0,1,0.756951745,0.766692528,0.154320988,1,0.677873539,1,1,0,1,1,1,1,0,0.749429312
178,1,1,33,3,6,20,8,10,5,0,4,5,0.5,0,0.5,0.536224417,0.565596413,0.296296296,1,0.518730267,1,1,0,1,1,1,1,0,0.548914747
179,1,1,33,3,6,20,8,10,5,0,4,5,1,0,1,0.74983994,0.761711297,0.160493827,1,0.690161277,0,0,0,1,0,1,1,0,0.692053508
180,1,0,34,2,2,13,12,4,2,0,3,4,0,0,0.5,0.324769436,0.418613643,0.283950617,1,0.158801946,0,0,0,0,0,0,1,0,0.253069804
181,1,0,34,2,2,13,12,4,2,0,1,2,0,0,0.5,0.34474047,0.437013506,0.290123457,1,0.210086185,0,0,0,0,0,0,1,0,0.257657649
182,1,0,34,2,8,15,14,14,6,0,5,9,0,0.5,0.5,0.456189101,0.49620128,0.345679012,1,0.42358563,0,0,0,1,0,0,1,1,0.36202093
183,1,0,34,2,6,8,8,10,5,0,4,5,0.5,0.5,0.5,0.454459182,0.483315696,0.327160494,1,0.367522826,0,0,0,0,0,0,1,0,0.35751612
184,1,0,34,2,2,9,9,2,1,0,3,4,0,0,0.5,0.256749726,0.35567904,0.302469136,1,0.090110078,0,0,0,0,0,0,1,0,0.196516809
185,1,0,35,2,6,8,8,10,5,0,4,5,0.5,0.5,0,0.554608653,0.371402105,0.574074074,1,0.467190033,0,0,0,0,0,0,1,0,0.337591181
186,1,0,35,2,6,10,10,12,5,0,4,5,0.5,0.5,0,0.546405816,0.466421378,0.308641975,1,0.295844355,1,0,0,0,0,1,1,0,0.415236311
187,1,1,36,5,8,24,19,4,2,0,5,7,0,0,0.5,0.451211907,0.514661207,0.271604938,1,0.330147624,1,1,0,1,0,1,1,1,0.444617362
188,1,1,36,5,7,15,14,14,6,0,5,9,0,0.5,0.5,0.521350949,0.619138085,0.203703704,1,0.416929772,0,1,0,1,0,1,1,1,0.585974376
189,1,0,36,5,2,21,12,4,2,0,3,4,0,0,0.5,0.347053597,0.406086199,0.296296296,1,0.158545951,0,0,0,0,0,0,1,0,0.323769055
190,1,0,36,5,2,21,12,4,2,0,3,4,0,0,0.5,0.34378411,0.448842878,0.265432099,1,0.182950764,1,0,0,0,0,0,1,0,0.34729563
191,1,0,36,5,1,12,9,2,1,0,3,4,0,0,0.5,0.30250698,0.409397537,0.290123457,1,0.158204625,1,0,0,0,0,0,1,0,0.307457519
192,1,0,36,5,2,21,12,4,2,0,3,4,0,0,0.5,0.345221069,0.458320803,0.259259259,1,0.200017066,1,0,0,1,1,1,1,0,0.389310383
193,1,0,36,5,3,14,13,5,3,0,3,4,0,0,0.5,0.457520873,0.54857787,0.234567901,1,0.336888813,1,1,0,1,1,1,1,0,0.464743927
194,1,0,36,5,1,12,9,2,1,0,3,4,0,0,0.5,0.282469459,0.347736975,0.314814815,1,0.087720795,0,0,0,1,0,0,0,0,0.258204378
195,1,0,36,5,1,25,20,2,1,0,1,2,0,0,0.5,0.34378411,0.441726339,0.327160494,1,0.280996672,1,0,0,0,0,1,1,0,0.363767115
196,1,0,36,5,6,29,8,10,5,0,4,5,0.5,0,0.5,0.451114139,0.495772045,0.333333333,1,0.413516512,1,1,0,1,0,1,1,0,0.452352045
197,1,0,36,5,6,20,8,10,5,0,4,5,0.5,0,0.5,0.4581195,0.553283776,0.240740741,1,0.360013653,1,1,0,1,1,1,1,0,0.472557527
198,1,1,36,5,4,19,18,8,4,0,3,4,0,0,1,0.539313784,0.586791124,0.234567901,1,0.426828228,1,1,1,1,1,1,1,0,0.545022621
199,1,1,36,5,6,10,10,12,5,0,4,5,1,0,1,0.773108901,0.749251022,0.172839506,1,0.678470859,1,1,0,1,1,1,1,1,0.650193133
200,1,1,36,5,6,16,15,12,5,0,4,5,1,0.5,0.5,0.530964452,0.587673546,0.24691358,1,0.445089171,1,1,0,1,1,1,1,1,0.561131594
201,1,1,37,1,6,6,6,13,8,1,4,5,1,0.5,1,0.693785606,0.724990104,0.12962963,1,0.464971414,1,1,0,1,1,1,1,1,0.824244183
202,1,1,37,1,6,5,5,11,8,1,4,5,1,0.5,1,0.474184684,0.647933742,0.222222222,1,0.523679495,1,1,0,1,1,1,1,0,0.714202365
203,1,1,38,4,2,1,1,3,8,1,1,2,0,0,1,0.404503017,0.361320754,0.395061728,2,0.222288591,1,0,1,1,1,1,1,0,0.605922117
204,1,1,38,4,5,3,3,7,8,1,3,4,0,0,1,0.566939895,0.558498986,0.271604938,1,0.431606792,1,1,0,1,1,1,1,0,0.655517736
205,1,1,38,4,5,3,3,7,8,1,3,4,0,0,1,0.728885854,0.753449842,0.117283951,1,0.49577609,1,1,1,1,1,1,1,0,0.738617457
206,1,1,38,4,5,3,3,7,8,1,3,4,0.5,0,1,0.604717562,0.683357238,0.179012346,1,0.498848025,1,1,0,1,1,1,1,0,0.747762174
207,1,1,38,4,6,6,6,13,8,1,4,5,1,0,1,0.816861242,0.76956548,0.148148148,1,0.647068863,1,1,1,1,1,1,1,1,0.855930987
208,1,1,38,4,5,2,2,6,8,1,3,4,0,0,1,0.568132749,0.642801998,0.172839506,1,0.390562335,1,0,0,1,1,1,1,0,0.665858986
209,1,1,38,4,5,2,2,6,8,1,3,4,0,0,1,0.587145613,0.651147097,0.185185185,1,0.455072958,1,1,0,1,1,1,1,0,0.666656428
210,1,1,38,4,6,27,21,13,8,1,4,5,1,0,1,0.974041653,0.859672803,0.104938272,1,0.766191655,1,1,1,1,1,1,1,1,0.98553374
211,1,1,38,4,6,6,6,13,8,1,4,5,0.5,0,1,0.647485685,0.658594837,0.222222222,1,0.550729584,1,1,1,1,1,1,1,0,0.75154998
212,1,0,39,2,1,30,23,1,1,0,1,2,0,0,0.5,0.259291618,0.315912831,0.345679012,1,0.078590323,0,0,0,0,0,0,0,0,0.130589146
213,1,0,39,2,1,13,12,4,2,0,3,4,0,0,0,0.276308605,0.323723116,0.358024691,1,0.106493728,0,0,0,0,0,0,0,0,0.164965663
214,1,0,39,2,1,13,12,4,2,0,3,4,0,0,0.5,0.317149838,0.346775951,0.37037037,1,0.161959212,0,0,0,0,0,0,1,0,0.228810331
215,1,0,39,2,6,8,8,10,5,0,4,5,0,0,0,0.403397389,0.466143567,0.308641975,1,0.302073556,0,0,0,0,0,0,1,0,0.28222609
216,1,1,40,4,8,24,19,4,2,0,5,9,0,0,0.5,0.457110294,0.502762494,0.314814815,1,0.393975595,1,0,0,1,1,1,1,1,0.4673286
217,1,0,40,4,2,26,9,2,1,0,1,2,0,0,0.5,0.287540671,0.340157048,0.339506173,1,0.106237734,0,0,0,0,0,0,1,0,0.287397274
218,1,0,40,4,2,22,12,4,2,0,3,4,0,0,0.5,0.356276193,0.403683829,0.320987654,1,0.191398583,1,0,0,0,0,0,1,0,0.365762797
219,1,0,40,4,2,21,12,4,2,0,3,4,0,0,0.5,0.351417688,0.397844321,0.314814815,1,0.173990955,0,0,0,0,0,0,1,0,0.354703871
220,1,1,40,4,6,20,8,10,5,0,4,5,0.5,0,0.5,0.456861895,0.528717332,0.265432099,1,0.358648349,1,0,1,1,1,1,1,0,0.541898051
221,1,1,40,4,6,16,15,12,5,0,4,5,0,0,1,0.565744168,0.550656289,0.308641975,1,0.4968854,1,0,0,1,1,1,1,0,0.579777705
222,1,1,40,4,6,16,15,12,5,0,4,5,1,0,1,0.766228691,0.739270181,0.172839506,1,0.662940524,1,0,0,1,1,1,1,1,0.674897841
223,1,0,40,4,3,23,13,5,3,0,3,4,0,0,0.5,0.464616853,0.514161039,0.265432099,1,0.320419831,1,0,0,1,1,1,1,0,0.465300575
224,1,0,40,4,3,23,13,5,3,0,3,4,0,0,0.5,0.457110294,0.510736072,0.25308642,1,0.295161703,1,0,0,1,1,1,1,0,0.437261532
225,1,0,40,4,7,15,14,14,6,0,5,9,0,0,1,0.547453802,0.542145416,0.320987654,1,0.510367779,1,0,0,1,1,1,1,1,0.522989882
226,1,1,41,1,2,1,1,3,8,1,1,2,0,0,1,0.346118771,0.383984189,0.5,1,0.424012288,0,0,0,1,1,0,1,0,0.501931144
227,1,1,41,1,2,1,1,3,8,1,1,2,0,1,1,0.345030629,0.449084111,0.296296296,1,0.246864067,1,0,0,1,1,1,1,0,0.551645653
228,1,1,41,1,8,1,1,3,8,1,5,7,0,0,1,0.465726872,0.480646795,0.197530864,1,0.125351992,1,0,0,0,1,1,1,0,0.595536084
229,1,1,41,1,8,1,1,3,8,1,5,7,0,1,0.5,0.345030629,0.488336002,0.259259259,1,0.25326393,1,0,0,1,1,1,1,0,0.588061542
230,1,0,41,1,4,2,2,6,8,1,3,4,0,0.5,1,0.428721601,0.607145618,0.209876543,1,0.396279546,1,1,0,1,1,1,1,0,0.641398763
231,1,0,41,1,5,3,3,7,8,1,3,4,0,0.5,1,0.514450643,0.662604148,0.185185185,1,0.474869869,1,1,0,1,1,1,1,0,0.735367286
232,1,0,41,1,6,6,6,13,8,1,4,5,1,0,1,0.657979502,0.510736072,0.419753086,1,0.623944023,1,1,0,1,1,1,1,0,0.690454828
233,1,1,41,1,4,2,2,6,8,1,7,10,0,0.5,1,0.403950509,0.593889172,0.228395062,1,0.428620189,1,0,0,1,1,1,1,0,0.640734548
234,1,1,41,1,5,3,3,7,8,1,2,11,0,0,1,0.73488244,0.721603627,0.148148148,1,0.519498251,1,1,0,1,1,1,1,0,0.804942673
235,1,1,41,1,5,3,3,7,8,1,2,3,0,0,1,0.43340992,0.647454358,0.179012346,1,0.422220326,1,1,1,1,1,1,1,0,0.754513874
236,1,0,41,1,7,15,14,14,6,0,5,9,0,0,1,0.64508248,0.663031354,0.265432099,1,0.713798106,1,1,0,1,1,1,1,1,0.719505832
237,1,1,41,1,6,6,6,13,8,1,4,5,1,0,1,0.95601055,0.880182526,0.080246914,1,0.699889069,1,1,1,1,1,1,1,0,0.981038529
238,1,1,41,1,6,6,6,13,8,1,4,5,1,0,1,0.877588748,0.830109943,0.080246914,1,0.530676679,1,1,1,1,1,1,1,1,0.967235837
239,1,1,41,1,6,6,6,13,8,1,4,5,1,0,1,0.657979502,0.683357238,0.222222222,1,0.650140797,1,1,0,1,1,1,1,0,0.800359968
240,1,1,41,1,6,6,6,13,8,1,4,5,1,0,1,0.73488244,0.772851108,0.154320988,1,0.689478624,1,1,1,1,1,1,1,0,0.838919836
241,1,1,41,1,7,6,6,13,8,1,5,9,0.5,0,1,0.694142062,0.712397882,0.197530864,1,0.647666183,1,1,0,1,1,1,1,1,0.804890956
242,1,1,41,1,5,4,4,9,8,1,3,4,0.5,0.5,1,0.710568676,0.760473864,0.141975309,1,0.564467958,1,1,1,1,1,1,1,0,0.911139338
243,1,1,41,1,5,7,7,17,8,1,6,8,0,0,1,0.73488244,0.79055857,0.098765432,1,0.509343801,1,1,1,1,1,1,1,0,0.952844295
244,1,1,41,1,4,7,7,17,8,1,6,8,0,0.5,0.5,0.436465055,0.612816835,0.24691358,1,0.472736582,1,1,1,1,1,1,1,0,0.767244576
245,1,0,42,2,1,12,9,2,1,0,1,2,0,0,0.5,0.289973877,0.360276343,0.345679012,1,0.142418295,0,0,0,0,0,0,1,0,0.285440701
246,1,0,42,2,2,22,12,4,2,0,1,2,0,0.5,0.5,0.403950509,0.511896882,0.259259259,1,0.301390904,1,0,0,0,0,0,1,0,0.394676223
247,1,0,42,2,2,21,12,4,2,0,1,2,0,0,0.5,0.313883469,0.394830102,0.296296296,1,0.146343545,0,0,0,0,0,0,1,0,0.341365426
248,1,1,43,1,2,1,1,3,8,1,6,12,0,0.5,1,0.345963466,0.464662443,0.314814815,1,0.290297807,1,0,0,1,1,1,1,0,0.631456669
249,1,1,43,1,2,1,1,3,8,1,7,10,0,0,1,0.345963466,0.414285851,0.327160494,1,0.220667292,0,0,0,1,1,0,1,0,0.567805389
250,1,1,43,1,6,1,1,3,8,1,4,5,0.5,0.5,0.5,0.345963466,0.43035966,0.401234568,1,0.340899394,1,0,0,1,1,0,1,0,0.59478731
251,1,1,43,1,2,1,1,3,8,1,2,3,0,0.5,0.5,0.345963466,0.453005859,0.345679012,1,0.346616606,1,0,0,1,1,1,1,0,0.604619686
252,1,1,43,1,2,1,1,3,8,1,1,1,0,0.5,0.5,0.345963466,0.457907144,0.327160494,1,0.263845038,1,0,0,1,1,1,1,0,0.567257052
253,1,1,43,1,6,1,1,3,8,1,4,13,0.5,0.5,0.5,0.345963466,0.486297105,0.259259259,1,0.240549535,1,0,0,1,1,1,1,0,0.624681633
254,1,1,44,4,6,29,8,10,5,0,4,5,0.5,0,1,0.456861895,0.518546357,0.320987654,1,0.449867736,1,0,0,1,1,1,1,0,0.498307649
255,1,0,44,4,6,10,10,12,5,0,4,5,0.5,0,0,0.522688633,0.451580242,0.407407407,1,0.44107859,1,0,0,0,0,0,1,0,0.430059438
256,1,0,44,4,6,29,8,10,5,0,4,5,0.5,0,0.5,0.428535658,0.532017583,0.265432099,1,0.350627187,1,0,0,1,1,1,1,0,0.446386787
257,1,0,44,4,6,10,10,12,5,0,4,5,1,0,0.5,0.653986781,0.550656289,0.358024691,1,0.613789572,1,0,0,0,1,0,1,1,0.610760605
258,1,1,44,4,6,16,15,12,5,0,4,5,0.5,0,1,0.512478295,0.547750482,0.308641975,1,0.489205564,1,1,0,1,1,1,1,0,0.567801899
259,1,1,44,4,6,10,10,12,5,0,4,5,1,0,1,0.658310784,0.667997219,0.240740741,1,0.661233894,1,1,1,1,1,1,1,1,0.636350222
260,1,1,44,4,6,10,10,12,5,0,4,5,1,0,0.5,0.675923398,0.602192592,0.308641975,1,0.646471542,1,1,0,1,1,1,1,1,0.691606975
261,1,0,44,4,2,22,12,4,2,0,3,4,0,0,0.5,0.413621948,0.488163022,0.24691358,1,0.237733595,1,0,0,0,0,0,1,0,0.391016337
262,1,0,44,4,2,13,12,4,2,0,3,4,0,0,0.5,0.314214751,0.432151218,0.240740741,1,0.122280058,0,0,0,0,0,0,1,0,0.238533009
263,1,0,44,4,8,8,8,10,5,0,5,9,0,0,0.5,0.456613372,0.566888056,0.25308642,1,0.41735643,1,0,0,0,0,0,1,1,0.425592227
264,1,0,45,4,8,24,19,4,2,0,5,9,0,0,0.5,0.404503017,0.454130324,0.296296296,1,0.253349262,1,0,0,0,0,1,1,1,0.38573342
265,1,0,45,4,2,25,20,2,1,0,1,2,0,0,0.5,0.345963466,0.380299243,0.333333333,1,0.173990955,0,0,0,0,0,0,1,0,0.334678655
266,1,0,45,4,1,12,9,2,1,0,1,2,0,0,0.5,0.313883469,0.39124896,0.277777778,1,0.110333646,0,0,0,0,0,0,0,0,0.286753262
267,1,0,45,4,6,16,15,12,5,0,4,5,1,0,1,0.73488244,0.795576918,0.061728395,1,0.381346531,0,0,1,1,1,1,1,0,0.697869796
268,1,0,45,4,6,10,10,12,5,0,4,5,0,0,0,0.54329611,0.518546357,0.438271605,1,0.680006827,0,0,1,0,1,0,1,0,0.401316218
269,1,0,45,4,2,29,8,10,5,0,1,2,0.5,0,0.5,0.435480844,0.489653102,0.283950617,1,0.310521376,1,0,0,0,1,0,1,0,0.453142774
270,1,0,45,4,2,21,12,4,2,0,3,4,0,0,0.5,0.313883469,0.405376091,0.277777778,1,0.130983872,0,0,0,0,0,0,1,0,0.320624783
271,1,0,45,4,3,14,13,5,3,0,3,4,0,0,1,0.404503017,0.489091176,0.259259259,1,0.252069289,1,0,0,0,1,1,1,0,0.429360384
272,1,0,45,4,3,14,13,5,3,0,3,4,0,0,0.5,0.345963466,0.448954236,0.24691358,1,0.158801946,1,0,0,0,0,1,1,0,0.372090484
273,1,0,45,4,4,23,13,5,3,0,3,4,0,0,1,0.518615578,0.547217811,0.259259259,1,0.364706886,1,1,0,1,1,1,1,0,0.523705615
274,1,0,45,4,2,21,12,4,2,0,1,2,0,0.5,0.5,0.346668464,0.475359096,0.234567901,1,0.168700401,0,0,0,1,1,0,1,0,0.38076408
275,1,0,45,4,2,13,12,4,2,0,3,4,0,0,0.5,0.345963466,0.422329501,0.228395062,1,0.087635464,1,0,0,1,0,0,1,0,0.272677806
276,1,0,45,4,6,20,8,10,5,0,4,5,1,0,0.5,0.525179833,0.561156146,0.265432099,1,0.433313423,1,1,0,1,1,1,1,0,0.524569211
277,1,0,45,4,6,10,10,12,5,0,4,5,0.5,0,0,0.545379309,0.518546357,0.351851852,1,0.505418551,1,0,0,0,0,0,1,0,0.479415601
278,1,1,46,1,6,29,8,10,5,0,4,5,0.5,0,1,0.456861895,0.518546357,0.302469136,1,0.403532725,1,1,0,1,1,1,1,0,0.53187126
279,1,0,46,1,1,12,9,2,1,0,3,4,0,0,0.5,0.275508702,0.276755867,0.462962963,1,0.143186279,1,0,0,0,0,0,1,0,0.281002557
280,1,0,46,1,2,29,8,10,5,0,5,7,0,0.5,0.5,0.376883207,0.540774337,0.277777778,1,0.410103251,1,1,0,1,1,1,1,0,0.497821164
281,1,0,46,1,2,21,12,4,2,0,3,4,0,0,0.5,0.342534453,0.387633871,0.419753086,1,0.310265381,1,0,0,0,0,0,1,0,0.340718873
282,1,0,46,1,2,21,12,4,2,0,3,4,0,0,0.5,0.348850663,0.394769503,0.407407407,1,0.307449441,1,0,0,0,1,0,1,0,0.363023714
283,1,0,46,1,2,14,13,5,3,0,3,4,0,0,0.5,0.416891954,0.470897439,0.320987654,1,0.326649031,1,0,0,1,0,0,1,0,0.41214018
284,1,0,46,1,3,14,13,5,3,0,3,4,0,0,1,0.50628083,0.559321931,0.290123457,1,0.480245755,1,1,0,1,1,1,1,0,0.499118121
285,1,1,47,1,5,7,7,17,8,1,2,3,0.5,0,1,0.747447348,0.858353573,0.074074074,1,0.608925676,1,1,0,1,1,1,1,0,0.98072583
286,1,1,47,1,5,7,7,17,8,1,6,8,0,0,1,0.647025491,0.755159471,0.148148148,1,0.611741616,1,0,0,1,1,1,1,0,0.810452109
287,1,1,47,1,6,6,6,13,8,1,4,5,1,0.5,1,0.713254563,0.863935827,0.080246914,1,0.641180988,1,1,1,1,1,1,1,0,0.904394869
288,1,1,47,1,5,7,7,17,8,1,2,6,0,0,1,0.726004676,0.81972352,0.148148148,1,0.808004096,1,1,1,1,1,1,1,0,0.903988909
289,1,1,47,1,5,4,4,9,8,1,2,11,0.5,0.5,1,0.741648142,0.806344174,0.117283951,1,0.629063913,1,1,1,1,1,1,1,0,0.930648472
290,1,1,37,1,6,6,6,13,8,1,4,5,1,0,1,0.912228782,0.868009505,0.117283951,1,0.850669852,1,1,1,1,1,1,1,0,1
291,1,1,37,1,6,6,6,13,8,1,4,5,1,0.5,1,0.757627707,0.779453083,0.117283951,1,0.530676679,1,1,1,1,1,1,1,0,0.975579162
292,1,1,37,1,6,5,5,11,8,1,4,5,1,1,1,0.457110294,0.698122525,0.179012346,1,0.552521546,1,1,0,1,1,1,1,0,0.754858088
293,1,1,37,1,6,6,6,13,8,1,4,5,1,0.5,1,0.701688263,0.731855387,0.154320988,1,0.560116051,1,1,1,1,1,1,1,0,0.873952855
294,1,1,48,1,2,22,12,4,2,0,3,4,0,0,1,0.456613372,0.483482414,0.302469136,1,0.325625053,1,0,0,1,1,1,1,0,0.463033809
295,1,1,48,1,6,20,8,10,5,0,4,5,0.5,0,0.5,0.565744168,0.61738217,0.228395062,1,0.458230224,1,1,0,1,1,1,1,0,0.556212398
296,1,1,48,1,3,23,13,5,3,0,2,6,0,1,1,0.456861895,0.566888056,0.327160494,1,0.594675314,1,0,0,1,1,1,1,0,0.628193719
297,1,1,48,1,4,19,18,8,4,0,3,4,0,0,0.5,0.503814783,0.528215174,0.290123457,1,0.415479136,1,1,0,1,1,1,1,0,0.551361658
298,1,1,48,1,8,24,19,4,2,0,5,9,0,0,1,0.456613372,0.483482414,0.395061728,1,0.498677362,0,0,0,1,0,1,1,1,0.53706343
299,1,1,48,1,4,3,3,7,8,1,3,4,0,0,1,0.605528534,0.63604493,0.24691358,1,0.56907586,1,1,0,1,1,1,1,0,0.629680402
300,1,0,49,2,2,21,12,4,2,0,3,4,0,0,0.5,0.313883469,0.394830102,0.314814815,1,0.170065705,0,0,0,0,0,0,1,0,0.332834228
301,1,0,49,2,3,22,12,4,2,0,3,4,0,0.5,0.5,0.403950509,0.481604756,0.283950617,1,0.281593993,1,0,0,1,0,1,1,0,0.397124923
302,1,0,49,2,6,16,15,12,5,0,4,5,0.5,0.5,1,0.416305088,0.54804874,0.314814815,1,0.50251728,1,0,0,1,1,1,1,0,0.499811243
303,1,1,50,1,2,21,12,4,2,0,1,2,0,1,1,0.42046097,0.579808727,0.209876543,1,0.338680775,1,1,0,1,1,1,1,0,0.490472933
304,1,0,51,2,6,31,24,15,1,0,4,5,0.5,0,0,0.46964083,0.426780601,0.419753086,1,0.394572916,0,0,0,0,0,1,1,0,0.305147298
305,1,0,52,1,1,26,9,2,1,0,1,2,0,0,0.5,0.299384477,0.328533033,0.388888889,1,0.149586142,1,0,0,1,0,0,1,0,0.312519409
306,1,0,52,1,3,22,12,4,2,0,1,2,0,0.5,0.5,0.348940534,0.397557771,0.333333333,1,0.195323833,1,0,0,1,1,1,1,0,0.404133906
307,1,0,52,1,1,13,12,4,2,0,3,4,0,0,0.5,0.335871556,0.390644014,0.308641975,1,0.152658077,1,0,0,1,1,1,1,0,0.349274546
308,1,0,52,1,3,23,13,5,3,0,3,4,0,1,0.5,0.364155621,0.519907135,0.228395062,1,0.259322468,1,0,0,1,1,1,1,0,0.475458848
309,1,1,53,1,9,30,23,1,1,0,1,1,0,0.5,0.5,0.112765861,0.247349366,0.419753086,1,0.051710897,0,0,0,1,1,0,1,0,0.408169974
310,1,1,54,4,6,20,8,10,5,0,4,5,1,0,0.5,0.530899173,0.554795857,0.259259259,1,0.400972779,1,1,0,1,1,1,1,0,0.553253291
311,1,1,54,4,6,20,8,10,5,0,4,5,1,0.5,0.5,0.531163866,0.560196247,0.234567901,1,0.35421111,1,1,0,1,1,1,1,0,0.569990087
312,1,1,54,4,3,23,13,5,3,0,7,10,1,0,1,0.567421953,0.571401587,0.228395062,1,0.374861336,1,1,0,1,1,1,1,0,0.592257327
313,1,1,54,4,6,20,8,10,5,0,4,5,1,0,0.5,0.45611595,0.518546357,0.240740741,1,0.281593993,1,0,0,1,1,1,1,0,0.515109542
314,1,0,55,4,9,30,23,1,1,0,1,2,0,0,0.5,0.11127285,0.232993965,0.388888889,1,0.007167847,0,0,0,0,0,0,1,0,0.172712501
315,1,0,55,4,1,17,16,1,1,0,3,4,0,0,0,0.243888603,0.30252939,0.345679012,1,0.058537418,0,0,0,0,0,0,0,0,0.16016824
316,1,0,55,4,2,21,12,4,2,0,1,2,0,0,0.5,0.343187165,0.395983218,0.296296296,1,0.143186279,0,0,0,0,0,0,1,0,0.328412126
317,1,0,55,4,1,12,9,2,1,0,1,2,0,0,0.5,0.284938479,0.348180329,0.308641975,1,0.082174247,0,0,0,0,0,0,1,0,0.254946371
318,1,0,55,4,8,17,16,1,1,0,5,7,0,0,0.5,0.228922834,0.288060723,0.407407407,1,0.046505675,0,0,0,0,0,0,1,0,0.155646342
319,1,0,55,4,2,13,12,4,2,0,1,2,0,0,0.5,0.306457374,0.377936958,0.302469136,1,0.122621384,0,0,0,0,0,0,1,0,0.270088767
320,1,0,55,4,1,17,16,1,1,0,1,2,0,0,0,0.27026684,0.363582907,0.283950617,1,0.072019797,0,0,0,0,0,0,1,0,0.206604497
321,1,1,56,4,7,15,14,14,6,0,5,9,0,0,1,0.595654399,0.618170852,0.308641975,1,0.643228944,1,1,1,1,1,1,1,1,0.762284064
322,1,0,56,4,2,22,12,4,2,0,3,4,0,0,0.5,0.357889532,0.451767562,0.271604938,1,0.206331598,1,0,0,0,0,0,1,0,0.396100119
323,1,0,56,4,2,21,12,4,2,0,3,4,0,0,0.5,0.345963466,0.432151218,0.277777778,1,0.184145405,0,0,0,1,0,0,1,0,0.341304222
324,1,0,56,4,4,19,18,8,4,0,3,4,0,0,1,0.580041575,0.622453194,0.222222222,1,0.471797935,1,1,0,1,1,1,1,0,0.626569684
325,1,0,56,4,6,32,25,12,5,0,4,5,1,0,0.5,0.804972194,0.754685265,0.179012346,1,0.723013909,1,1,1,1,1,1,1,1,0.811924501
326,1,0,56,4,6,10,10,12,5,0,4,5,1,0,1,0.795963663,0.749251022,0.172839506,1,0.696305145,1,0,0,1,1,1,1,1,0.728658517
327,1,0,56,4,6,20,8,10,5,0,4,5,0.5,0,0.5,0.470322973,0.526245365,0.283950617,1,0.392780954,1,1,0,1,1,1,1,0,0.507599306
328,1,0,56,4,3,23,13,5,3,0,3,4,0,0,1,0.568049343,0.614174937,0.209876543,1,0.424353614,1,0,0,1,1,1,1,0,0.53372335
329,1,0,56,4,1,26,9,2,1,0,3,4,0,0,0.5,0.304468375,0.379769374,0.314814815,1,0.14267429,0,0,0,0,0,0,1,0,0.338701227
330,1,0,56,4,4,23,13,5,3,0,3,4,0,0,1,0.493914789,0.53994688,0.259259259,1,0.357709702,1,1,0,1,1,1,1,0,0.502125082
331,1,0,56,4,4,23,13,5,3,0,3,4,0,0,1,0.506431275,0.530594558,0.271604938,1,0.366242853,1,0,0,1,1,1,1,0,0.536102771
332,1,0,56,4,8,23,13,5,3,0,5,9,0,0,0.5,0.395877738,0.482625446,0.277777778,1,0.277071422,1,0,0,1,1,1,1,1,0.461396611
333,1,0,56,4,6,16,15,12,5,0,4,5,0.5,0,1,0.617210223,0.622782734,0.25308642,1,0.541087123,1,1,0,1,1,1,1,1,0.572520578
334,1,0,56,4,1,26,9,2,1,0,1,2,0,0,0.5,0.311345152,0.388069496,0.302469136,1,0.122706716,0,0,0,0,0,0,0,0,0.320373663
335,1,1,56,4,3,28,22,16,7,0,2,3,0,0,0.5,0.456861895,0.627620334,0.191358025,1,0.410444577,0,0,0,1,1,1,1,0,0.563986867
336,1,1,56,4,6,10,10,12,5,0,4,5,1,0,0.5,0.714815114,0.55756959,0.388888889,1,0.692209233,1,1,1,1,1,1,1,1,0.70295197
337,1,1,56,4,7,15,14,14,6,0,5,9,0,0,1,0.556690737,0.583827647,0.283950617,1,0.528031402,1,1,0,1,1,1,1,1,0.69599432
338,1,1,57,1,2,1,1,3,8,1,1,1,0,0,1,0.457110294,0.505438918,0.308641975,1,0.385613107,1,0,0,1,1,1,1,0,0.530560494
339,1,0,57,1,3,2,2,6,8,1,3,4,0,0,1,0.457110294,0.494618648,0.388888889,1,0.512159741,1,0,0,1,1,1,1,0,0.498043893
340,1,0,57,1,5,3,3,7,8,1,3,4,0,1,1,0.457110294,0.640937011,0.222222222,1,0.521375544,1,1,0,1,1,1,1,0,0.659624226
341,1,1,57,1,4,2,2,6,8,1,3,4,0.5,1,1,0.455163991,0.601492473,0.228395062,1,0.430412151,1,1,0,1,1,1,1,0,0.601550344
342,1,1,57,1,3,1,1,3,8,1,1,2,0,1,1,0.453371192,0.589308155,0.216049383,1,0.38919703,1,0,0,1,1,1,1,0,0.564555319
343,1,1,57,1,4,2,2,6,8,1,7,10,0.5,1,1,0.458851307,0.657443581,0.166666667,1,0.415308473,1,0,0,1,1,1,1,0,0.603428336
344,1,1,57,1,6,5,5,11,8,1,4,5,0.5,1,0.5,0.497025386,0.705802798,0.166666667,1,0.528799386,1,1,0,1,1,1,1,0,0.675024577
345,1,1,57,1,6,6,6,13,8,1,4,5,1,1,0.5,0.572285307,0.646504832,0.265432099,1,0.673521632,1,1,0,1,1,1,1,1,0.759614563
346,1,1,58,1,2,22,12,4,2,0,1,1,0,1,0.5,0.253143073,0.485893068,0.240740741,1,0.184913389,1,0,0,1,1,0,1,0,0.532245027
347,1,1,58,1,2,22,12,4,2,0,1,2,0,1,1,0.276737359,0.543482618,0.191358025,1,0.231163069,1,1,0,1,1,1,1,0,0.573595001
348,1,1,58,1,2,28,22,16,7,0,6,12,0,1,1,0.453371192,0.648342854,0.154320988,1,0.352931137,1,1,1,1,1,1,1,0,0.660885076
349,1,0,58,1,2,21,12,4,2,0,3,4,0,0.5,0.5,0.340313878,0.389170855,0.351851852,1,0.210683505,1,0,0,1,0,1,1,0,0.378488662
350,1,0,58,1,3,23,13,5,3,0,2,11,0,0.5,1,0.427230265,0.579257496,0.228395062,1,0.392610291,1,1,0,1,1,1,1,0,0.560411977
351,1,0,58,1,2,22,12,4,2,0,1,2,0,0.5,0.5,0.313126323,0.441332138,0.277777778,1,0.183036095,1,0,0,1,1,0,1,0,0.422089317
352,1,0,58,1,2,13,12,4,2,0,3,4,0,0,0,0.341412397,0.344248804,0.358024691,1,0.139090366,0,0,0,0,0,0,1,0,0.340192539
353,1,0,58,1,2,13,12,4,2,0,3,4,0,0,0.5,0.345250004,0.340243428,0.364197531,1,0.144124925,0,0,0,0,0,0,0,0,0.276570047
354,1,0,58,1,3,23,13,5,3,0,3,4,0,0.5,1,0.404670303,0.553264955,0.234567901,1,0.338510112,1,1,0,1,1,1,1,0,0.524136177
355,1,0,58,1,2,22,12,4,2,0,3,4,0,0.5,0.5,0.320330745,0.426364074,0.302469136,1,0.194982507,1,0,0,1,1,1,1,0,0.431630874
356,1,1,58,1,2,22,12,4,2,0,1,2,0.5,1,1,0.353778885,0.623589687,0.179012346,1,0.362829593,1,1,0,1,1,1,1,0,0.604027635
357,1,1,58,1,3,23,13,5,3,0,7,10,0,1,1,0.453371192,0.627620334,0.185185185,1,0.386466422,1,1,0,1,1,1,1,0,0.630265683
358,1,1,58,1,3,23,13,5,3,0,7,10,1,1,1,0.453371192,0.648342854,0.209876543,1,0.509343801,1,1,1,1,1,1,1,0,0.626289729
359,1,1,58,1,5,4,4,9,8,1,3,4,1,0.5,1,0.665127292,0.716807176,0.203703704,1,0.689478624,1,1,0,1,1,1,1,0,0.820707267
360,1,1,58,1,2,28,22,16,7,0,2,6,0,1,1,0.388193922,0.621928875,0.179012346,1,0.35591774,1,0,0,1,1,1,1,0,0.604687911
361,1,1,58,1,7,15,14,14,6,0,5,9,0,1,1,0.449120164,0.621275906,0.222222222,1,0.473248571,1,0,0,1,1,1,1,1,0.617333263
362,1,0,58,1,1,26,9,2,1,0,1,2,0,0,0.5,0.345963466,0.380299243,0.327160494,1,0.159228603,1,0,0,1,1,0,1,0,0.382912573
363,1,0,58,1,2,22,12,4,2,0,1,2,0,0.5,0.5,0.339847686,0.40858013,0.308641975,1,0.183548084,1,0,0,1,1,1,1,0,0.420748895
364,1,0,58,1,2,22,12,4,2,0,3,4,0,0.5,0.5,0.328000614,0.407257584,0.308641975,1,0.171942999,1,0,0,1,1,1,1,0,0.407107319
365,1,0,58,1,3,23,13,5,3,0,3,4,0,0.5,0.5,0.401312401,0.550277081,0.222222222,1,0.308558751,1,0,0,1,1,1,1,0,0.530848686
366,1,0,58,1,3,23,13,5,3,0,3,4,0,0.5,0.5,0.408061569,0.533873723,0.228395062,1,0.278692721,1,0,0,1,1,1,1,0,0.512449376
367,1,0,58,1,1,26,9,2,1,0,3,4,0,0,0.5,0.292976586,0.321232538,0.382716049,1,0.135506443,1,0,0,0,0,0,0,0,0.315049388
368,1,0,58,1,1,26,9,2,1,0,1,2,0,0,0.5,0.30689482,0.337025982,0.37654321,1,0.145746224,1,0,0,0,1,0,1,0,0.335196546
369,1,0,58,1,1,26,9,2,1,0,1,2,0,1,1,0.276737359,0.466143567,0.234567901,1,0.167164434,1,0,0,1,1,1,1,0,0.442346958
370,1,0,58,1,2,13,12,4,2,0,3,4,0,0,0.5,0.331420151,0.385649126,0.290123457,1,0.116818841,0,0,0,1,0,0,1,0,0.343625359
371,1,0,58,1,2,14,13,5,3,0,3,4,0,0,0,0.38431299,0.335713053,0.407407407,1,0.195579828,0,0,0,0,0,0,1,0,0.288626475
372,1,0,58,1,2,14,13,5,3,0,3,4,0,0,0,0.397312099,0.364274777,0.401234568,1,0.236624285,0,0,0,0,0,1,1,0,0.302176504
373,1,0,58,1,6,20,8,10,5,0,4,5,0.5,1,0.5,0.411607314,0.559312669,0.265432099,1,0.426316239,1,1,0,1,1,1,1,0,0.558262206
374,1,0,58,1,8,24,19,4,2,0,5,7,0,1,0.5,0.276737359,0.466143567,0.24691358,1,0.18499872,1,0,0,1,1,1,1,1,0.458128114
375,1,1,58,1,7,31,24,15,1,0,5,9,0.5,1,1,0.453371192,0.635286702,0.265432099,1,0.640924994,1,0,0,1,1,1,1,1,0.698855351
376,1,1,58,1,6,20,8,10,5,0,4,5,1,1,0.5,0.453085114,0.561991781,0.277777778,1,0.466080724,1,0,0,1,1,1,1,0,0.618639738
377,1,1,58,1,6,6,6,13,8,1,4,5,1,1,1,0.657412996,0.763996855,0.154320988,1,0.655346019,1,1,1,1,1,1,1,0,0.815175998
378,1,0,59,2,2,13,12,4,2,0,3,4,0,0,0.5,0.32075516,0.416305985,0.271604938,1,0.144722246,0,0,0,0,0,0,1,0,0.263971238
379,1,0,59,2,1,17,16,1,1,0,1,2,0,0,0,0.171299983,0.273202907,0.358024691,1,0.025770117,0,0,0,0,0,0,1,0,0.149033844
380,1,0,59,2,8,15,14,14,6,0,5,9,0,0,0,0.244255158,0.339098337,0.37654321,1,0.148818159,0,0,0,0,0,0,1,1,0.201221146
381,1,0,60,2,2,13,12,4,2,0,3,4,0,0,0.5,0.345652717,0.405376091,0.314814815,1,0.191569247,0,0,0,0,0,0,1,0,0.302405488
382,1,0,60,2,2,21,12,4,2,0,3,4,0,0,0.5,0.367900779,0.468501466,0.25308642,1,0.1968598,1,0,0,0,1,0,1,0,0.328251599
383,1,0,61,2,6,10,10,12,5,0,4,5,0,0,0,0.535589388,0.254187692,0.777777778,1,0.435020053,0,0,0,0,0,0,1,0,0.299961286
384,1,0,62,2,6,11,11,10,5,0,4,5,0,0,0.5,0.260737726,0.353373348,0.37037037,1,0.171687004,0,0,0,0,0,0,1,0,0.22660698
385,1,0,62,2,9,30,23,1,1,0,1,2,0,0,0,1.57E-10,0,1,1,0.087208806,0,0,0,0,0,0,0,0,0.004646053
386,1,0,62,2,8,25,20,2,1,0,5,9,0,0,0,0.345341771,0.376578346,0.382716049,1,0.231931052,0,0,0,0,0,0,1,0,0.272017677
387,1,0,62,2,1,9,9,2,1,0,1,2,0,0,0.5,0.261874289,0.371875587,0.296296296,1,0.101288506,0,0,0,0,0,0,1,0,0.185047807